Name,F,p,t_gpa,t_ANOVA
Bell,2.280,0.084,0.008858,0.113174
Comma,0.703,0.719,0.007368,0.087847
Device8,0.841,0.433,0.006767,0.093476
Face,2.375,0.052,0.011445,0.078070
Flatfish,4.155,0.026,0.011065,0.086843
Hammer,0.709,0.417,0.007099,0.139672
Heart,0.782,0.544,0.010658,0.067447
Horseshoe,17.039,0.006,0.006857,0.077763
Key,4.448,0.013,0.006631,0.072071
