Name,F,p,t_gpa,t_ANOVA
Bell,2.529,0.067,0.008150,0.098631
Comma,0.702,0.709,0.006835,0.079980
Device8,0.874,0.427,0.006748,0.083133
Face,2.404,0.056,0.006719,0.102033
Flatfish,4.262,0.020,0.007002,0.084065
Hammer,0.712,0.415,0.007075,0.096366
Heart,0.798,0.522,0.006779,0.084921
Horseshoe,15.388,0.004,0.014043,0.090560
Key,4.579,0.002,0.006938,0.112775
