Name,t_gpa,t_ANOVA
Bell,0.009263,0.091888
Comma,0.007301,0.089878
Device8,0.007368,0.100679
Face,0.007762,0.081823
Flatfish,0.007393,0.088784
Hammer,0.007870,0.093893
Heart,0.012933,0.088473
Horseshoe,0.008144,0.109907
Key,0.008086,0.145718
