Name,t_gpa,t_ANOVA
Bell,0.006028,0.057150
Comma,0.009577,0.052267
Device8,0.007338,0.066069
Face,0.006056,0.053599
Flatfish,0.006044,0.063675
Hammer,0.006316,0.059756
Heart,0.006227,0.064069
Horseshoe,0.006287,0.059721
Key,0.006212,0.063912
