Name,t_param,t_nonparam
Bell,0.033258,0.467642
Comma,0.035138,0.253066
Device8,0.043447,0.477470
Face,0.040653,0.248993
Flatfish,0.039066,0.306878
Hammer,0.045338,0.417775
Heart,0.035419,0.258366
Horseshoe,0.041849,0.352605
Key,0.039219,0.313497
