Name,t_param,t_nonparam
Bell,0.071041,9.601299
Comma,0.067920,5.570886
Device8,0.065823,5.717886
Face,0.067201,5.619081
Flatfish,0.066567,5.898086
Hammer,0.071120,6.224825
Heart,0.058354,5.721983
Horseshoe,0.072572,6.669550
Key,0.060239,6.001052
